[Header],,,,,,
IEMFileVersion,4,,,,,
Date,8/1/2017,,,,,
Workflow,GenerateFASTQ,,,,,
Application,NextSeq FASTQ Only,,,,,
Assay,TruSeq HT,,,,,
Description,,,,,,
Chemistry,Default,,,,,
,,,,,,
[Reads],,,,,,
151,,,,,,
151,,,,,,
,,,,,,
[Settings],,,,,,
Adapter,AGATCGGAAGAGCACACGTCTGAACTCCAGTCA,,,,,
AdapterRead2,AGATCGGAAGAGCGTCGTGTAGGGAAAGAGTGT,,,,,
,,,,,,
[Data],,,,,,
Sample_ID,Sample_Name,I7_Index_ID,index,I5_Index_ID,index2,Description
RADcap_plate1,,iTru7_10_01,ACACTCTG,iTru5_8N,NNNNNNNN,
RADcap_plate1,,iTru7_10_02,GTCCTGTT,iTru5_8N,NNNNNNNN,
RADcap_plate1,,iTru7_10_03,AAGCTCAC,iTru5_8N,NNNNNNNN,
RADcap_plate1,,iTru7_10_04,TGGCTACA,iTru5_8N,NNNNNNNN,
RADcap_plate1,,iTru7_10_05,ACGGTACA,iTru5_8N,NNNNNNNN,
RADcap_plate1,,iTru7_10_06,ATCTCCTG,iTru5_8N,NNNNNNNN,
RADcap_plate1,,iTru7_10_07,TTCACGGA,iTru5_8N,NNNNNNNN,
RADcap_plate1,,iTru7_10_08,GTGTGTTC,iTru5_8N,NNNNNNNN,
RADcap_plate1,,iTru7_10_09,CCACTAAG,iTru5_8N,NNNNNNNN,
RADcap_plate1,,iTru7_10_10,ACCAAGCA,iTru5_8N,NNNNNNNN,
RADcap_plate1,,iTru7_10_11,CCTCGAAT,iTru5_8N,NNNNNNNN,
RADcap_plate1,,iTru7_10_12,ACGTATGG,iTru5_8N,NNNNNNNN,
